year,gdp_growth_percent,unit,status,source_publication
2011,6.41,percent,reported,2026-01-06
2012,5.50,percent,reported,2026-01-06
2013,5.55,percent,reported,2026-01-06
2014,6.42,percent,reported,2026-01-06
2015,6.99,percent,reported,2026-01-06
2016,6.69,percent,reported,2026-01-06
2017,6.94,percent,reported,2026-01-06
2018,7.47,percent,reported,2026-01-06
2019,7.36,percent,reported,2026-01-06
2020,2.87,percent,reported,2026-01-06
2021,2.55,percent,reported,2026-01-06
2022,8.54,percent,reported,2026-01-06
2023,4.98,percent,reported,2026-01-06
2024,7.04,percent,reported,2026-01-06
2025,8.02,percent,estimate,2026-01-06
